{"QualityRegression": {"QualityRegression_ScikitSvm.model": 0.6742483753594855, "QualityRegression_PyBrainANNs.model": -0.6820544617867381, "QualityRegression_ScikitBayesianRidge.model": 0.7338541204764482, "QualityRegression_TheanetsANNs.model": 0.04397598104282563}, "MixedRegression": {"MixedRegression_TheanetsANNs.model": 0.38156173745605226, "MixedRegression_PyBrainANNs.model": -0.6112373607474585, "MixedRegression_ScikitMultiTaskLasso.model": 0.7020846049195183}, "ColorRegression": {"ColorRegression_ScikitLasso.model": 0.6998288259041769, "ColorRegression_ScikitRidge.model": 0.7414340229549825}}