{"ColorRegression": {"ColorRegression_ScikitLasso.model": 0.6998288259041767, "ColorRegression_ScikitRidge.model": 0.7414340229549823}, "QualityRegression": {"QualityRegression_TheanetsANNs.model": -0.40189250065546767, "QualityRegression_ScikitSvm.model": 0.6742483753594855, "QualityRegression_PyBrainANNs.model": 0.39338522640129314, "QualityRegression_ScikitBayesianRidge.model": 0.7338541204764449}, "MixedRegression": {"MixedRegression_TheanetsANNs.model": 0.6548500824773554, "MixedRegression_ScikitMultiTaskLasso.model": 0.7020846049195184, "MixedRegression_PyBrainANNs.model": -0.9658209715751531}}