{"MixedRegression": {"MixedRegression_TheanetsANNs.model": 0.016561579996560993, "MixedRegression_PyBrainANNs.model": -0.9093558879513327, "MixedRegression_ScikitMultiTaskLasso.model": 0.7020846049195184}, "ColorRegression": {"ColorRegression_ScikitRidge.model": 0.7414340229549823, "ColorRegression_ScikitLasso.model": 0.6998288259041767}, "QualityRegression": {"QualityRegression_TheanetsANNs.model": 0.4236618582634011, "QualityRegression_ScikitSvm.model": 0.6742483753594855, "QualityRegression_ScikitBayesianRidge.model": 0.7338541204764449, "QualityRegression_PyBrainANNs.model": -0.2853594366713865}}