{"QualityRegression": {"QualityRegression_PyBrainANNs.model": 0.5637203793347361, "QualityRegression_TheanetsANNs.model": 0.27418959551417155, "QualityRegression_ScikitSvm.model": 0.6742483753594855, "QualityRegression_ScikitBayesianRidge.model": 0.7338541204764482}, "MixedRegression": {"MixedRegression_PyBrainANNs.model": 0.36814473578243706, "MixedRegression_ScikitMultiTaskLasso.model": 0.7020846049195183, "MixedRegression_TheanetsANNs.model": 0.8011946581255577}, "ColorRegression": {"ColorRegression_ScikitRidge.model": 0.7414340229549825, "ColorRegression_ScikitLasso.model": 0.6998288259041769}}