{
  "ColorRegression": {
    "ColorRegression_ScikitRidge.model": 0.7414340229549825,
    "ColorRegression_ScikitLasso.model": 0.6998288259041769
  },
  "MixedRegression": {
    "MixedRegression_ScikitMultiTaskLasso.model": 0.7020846049195183,
    "MixedRegression_PyBrainANNs.model": 0.3594264807137009,
    "MixedRegression_TheanetsANNs.model": 0.38364667489226906
  },
  "QualityRegression": {
    "QualityRegression_PyBrainANNs.model": -1.0085361195033902,
    "QualityRegression_TheanetsANNs.model": 0.5125937322742253,
    "QualityRegression_ScikitBayesianRidge.model": 0.7338541204764482,
    "QualityRegression_ScikitSvm.model": 0.6742483753594855
  }
}