{"QualityRegression": {"QualityRegression_ScikitBayesianRidge.model": 0.7338541204764482, "QualityRegression_TheanetsANNs.model": 0.06088214117956592, "QualityRegression_ScikitSvm.model": 0.6742483753594855, "QualityRegression_PyBrainANNs.model": 0.4447168113660299}, "MixedRegression": {"MixedRegression_PyBrainANNs.model": -0.11036440259441943, "MixedRegression_ScikitMultiTaskLasso.model": 0.7020846049195183, "MixedRegression_TheanetsANNs.model": 0.5690068524156707}, "ColorRegression": {"ColorRegression_ScikitLasso.model": 0.6998288259041769, "ColorRegression_ScikitRidge.model": 0.7414340229549825}}