,"('GLCM', 'diss0')","('GLCM', 'corr0')","('Green', 'avr')","('Green', 'cover')","('Green', 'filtered')",File Name,Subjective Color Rating,Subjective Quality Rating
0,0.0,1.0,145.55279430581297,0.43721361234314304,174.55169136299867,7-4-2014 plot 1.jpg,7.5,7.5
1,0.0,1.0,167.59139614192526,0.7237930162334152,185.21452510563816,7-31-2014 plot 3.jpg,7.0,7.25
2,0.0,1.0,139.61221341606617,0.4247007851838983,184.62142642926474,9-25-2014 plot 6.jpg,5.25,5.25
