method,Gabor,Gabor,Gabor,Gabor,Gabor,Gabor,Gabor,Gabor,Gabor,Gabor,Gabor,Gabor,Gabor,Gabor,Gabor,Gabor,GLCM,GLCM,GLCM,GLCM,GLCM,GLCM,GLCM,GLCM,GLCM,GLCM,GLCM,GLCM,GLCM,GLCM,GLCM,GLCM,GLCM,GLCM,GLCM,GLCM,GLCM,GLCM,GLCM,GLCM,GLCM,GLCM,GLCM,GLCM,GLCM,GLCM,GLCM,GLCM,GLCM,GLCM,GLCM,GLCM,GLCM,GLCM,GLCM,GLCM,GLCM,GLCM,GLCM,GLCM,GLCM,GLCM,GLCM,GLCM,Green,Green,Green,Hue,Hue,Hue,Subjective
attr,mean0,var0,mean1,var1,mean2,var2,mean3,var3,mean4,var4,mean5,var5,mean6,var6,mean7,var7,diss0,corr0,eng0,diss1,corr1,eng1,diss2,corr2,eng2,diss3,corr3,eng3,diss4,corr4,eng4,diss5,corr5,eng5,diss6,corr6,eng6,diss7,corr7,eng7,diss8,corr8,eng8,diss9,corr9,eng9,diss10,corr10,eng10,diss11,corr11,eng11,diss12,corr12,eng12,diss13,corr13,eng13,diss14,corr14,eng14,diss15,corr15,eng15,avr,cover,filtered,avr,cover,filtered,File Name
,,,,,,,,,,,,,,,,,,,,,,,,,,,,,,,,,,,,,,,,,,,,,,,,,,,,,,,,,,,,,,,,,,,,,,,
0,0.6326819880150506,0.011859492948505907,0.19341430008681118,0.0016312016517636538,0.4267868982246532,0.0037066042096112204,0.0006366077580211387,5.115052727221003e-05,0.6326819880150494,0.01185255655113425,0.193414300086811,0.0015863348673177953,0.4267868982246538,0.003694531363382137,0.0006366077580211386,4.21439437743439e-05,0.0,1.0,1.0,0.0,1.0,1.0,0.0,1.0,1.0,0.0,1.0,1.0,0.0,1.0,1.0,0.0,1.0,1.0,0.0,1.0,1.0,0.0,1.0,1.0,0.0,1.0,1.0,0.0,1.0,1.0,0.0,1.0,1.0,0.0,1.0,1.0,0.0,1.0,1.0,0.0,1.0,1.0,0.0,1.0,1.0,0.0,1.0,1.0,0.6972019867507261,0.8186969521604939,0.7418326580919526,0.22085183571050743,0.8424001937049898,0.24028234119811945,7-31-2014 plot 7.JPG
1,0.5753090152068876,0.014959034233322541,0.17587507249728407,0.002121653864253043,0.3880849380447152,0.004384594072222558,0.000578878787887184,7.030034585186135e-05,0.5753090152068878,0.014973211871197201,0.17587507249728418,0.002192964853381893,0.38808493804471517,0.004395403826503059,0.0005788787878871843,8.263789115793769e-05,0.0,1.0,1.0,0.0,1.0,1.0,0.0,1.0,1.0,0.0,1.0,1.0,0.0,1.0,1.0,0.0,1.0,1.0,0.0,1.0,1.0,0.0,1.0,1.0,0.0,1.0,1.0,0.0,1.0,1.0,0.0,1.0,1.0,0.0,1.0,1.0,0.0,1.0,1.0,0.0,1.0,1.0,0.0,1.0,1.0,0.0,1.0,1.0,0.6357173937222935,0.659477956010481,0.722066591818804,0.21387071587402257,0.890954288435571,0.2253949369405652,7-31-2014 plot 6.JPG
