{
  "index": {
    "0": 0,
    "1": 1,
    "2": 2
  },
  "["
  GLCM
  ","
  diss0
  "]": {
    "0": 0.0,
    "1": 0.0,
    "2": 0.0
  },
  "["
  GLCM
  ","
  corr0
  "]": {
    "0": 1.0,
    "1": 1.0,
    "2": 1.0
  },
  "["
  Green
  ","
  avr
  "]": {
    "0": 145.5527943058,
    "1": 167.5913961419,
    "2": 139.6122134161
  },
  "["
  Green
  ","
  cover
  "]": {
    "0": 0.4372136123,
    "1": 0.7237930162,
    "2": 0.4247007852
  },
  "["
  Green
  ","
  filtered
  "]": {
    "0": 174.551691363,
    "1": 185.2145251056,
    "2": 184.6214264293
  },
  "File Name": {
    "0": "7-4-2014 plot 1.jpg",
    "1": "7-31-2014 plot 3.jpg",
    "2": "9-25-2014 plot 6.jpg"
  },
  "Subjective Color Rating": {
    "0": 7.5,
    "1": 7.0,
    "2": 5.25
  },
  "Subjective Quality Rating": {
    "0": 7.5,
    "1": 7.25,
    "2": 5.25
  }
}