,"('Gabor', 'mean0')","('Gabor', 'var0')","('GLCM', 'diss0')","('GLCM', 'corr0')","('Green', 'avr')","('Green', 'cover')","('Green', 'filtered')",File Name,Subjective Color Rating,Subjective Quality Rating
0,0.3402676368484688,0.0043799982232911264,0.0,1.0,145.55279430581297,0.43721361234314304,174.55169136299867,7-4-2014 plot 1.jpg,7.5,7.5
1,0.3336810358141331,0.010088592413856273,0.0,1.0,139.61221341606617,0.4247007851838983,184.62142642926474,9-25-2014 plot 6.jpg,5.25,5.25
2,0.3077205990188498,0.02312254708812031,1.3903715227194431e-05,-6.95190594225747e-06,120.48524717824967,0.3234470754446931,204.0689854520799,Patch 1-2.jpg,2.0,2.0
3,0.31686831296144297,0.019494317844819226,3.945240067858129e-06,-1.9726239251665384e-06,126.74560215444797,0.3668380134259851,195.16287992455094,Patch 6.jpg,4.0,4.0
