method,Gabor,Gabor,Gabor,Gabor,Gabor,Gabor,Gabor,Gabor,Gabor,Gabor,Gabor,Gabor,Gabor,Gabor,Gabor,Gabor,Green,Green,Green,Hue,Hue,Hue,Subjective,Subjective,Subjective
attr,mean0,var0,mean1,var1,mean2,var2,mean3,var3,mean4,var4,mean5,var5,mean6,var6,mean7,var7,avr,cover,filtered,avr,cover,filtered,File Name,Subjective Color Rating,Subjective Quality Rating
,,,,,,,,,,,,,,,,,,,,,,,,,
0,0.5331018632282343,0.01148663919487803,0.16297211822760327,0.0018090659796634997,0.35961335229216235,0.0030260299428972984,0.0005364097419801123,8.180084530058801e-05,0.5331018632282343,0.011496621721342533,0.1629721182276035,0.001848913772518924,0.3596133522921621,0.003083154809963793,0.0005364097419801138,8.593626229465953e-05,0.5947602140829404,0.5260654025607638,0.6992318329259334,0.2225735462390191,0.9359144673916538,0.23146338775077135,7-4-2014 plot 1.jpg,7.5,7.5
1,0.5328477350582781,0.019241628374840013,0.1628944298738087,0.0026537872476213174,0.3594419256110467,0.005019874529735995,0.0005361540369535892,7.593079912343356e-05,0.5328477350582779,0.01935413703787339,0.1628944298738085,0.003247621727524327,0.35944192561104593,0.005428657156855585,0.0005361540369535918,0.0001789798530589004,0.5791232343390676,0.5031887729472093,0.7172731501069431,0.18138623247216135,0.7994176291634516,0.19697736116793962,9-25-2014 plot 6.jpg,5.25,5.25
2,0.4680779517741714,0.04380668264607099,0.14309395738055372,0.005401027171404783,0.31575031524415004,0.013317004807118471,0.0004709823593887325,9.928594161070986e-05,0.4680779517741713,0.043839715198916884,0.14309395738055372,0.005518905476794685,0.31575031524415015,0.013620996600942835,0.0004709823593887334,0.00010330735844475522,0.4847360461365941,0.3295726776123047,0.7558461139894604,0.18247719357348965,0.13161945343017578,0.1709314903945525,Patch 1-2.jpg,2.0,2.0
3,0.4866358977020591,0.0400002369734521,0.1487672216597415,0.004996734735214358,0.32826890804435416,0.01296313908216322,0.0004896554567337274,0.00010415527752462631,0.4866358977020589,0.03995203091472977,0.14876722165974132,0.004774607516457605,0.3282689080443541,0.012663604173832693,0.0004896554567337281,7.187246220563017e-05,0.5151515636568759,0.4082949956258138,0.7457776961538087,0.17492551174104987,0.44143517812093097,0.2005175532787106,Patch 6.jpg,4.0,4.0
